Vehicle type,government,public,private
LDVs,0.002025397,0.020900724,0.977073879
HDVs,0.00567294,0.434895285,0.559431776
aircraft,0,0,1
rail,0,0,1
ships,0,0,1
motorbikes,0.005516801,0.00469124,0.989791959
